{"cameraMode":{"drawMode":0,"name":"Shaded","section":"Shading Mode"},"sceneLighting":true,"audioPlay":false,"sceneViewState":{"m_AlwaysRefresh":false,"showFog":true,"showSkybox":true,"showFlares":true,"showImageEffects":true,"showParticleSystems":true,"showVisualEffectGraphs":true,"m_FxEnabled":true},"in2DMode":false,"pivot":{"x":0.09747688472270966,"y":3.7342517375946047,"z":-3.726750373840332},"rotation":{"x":-0.29722753167152407,"y":-0.010886883363127709,"z":0.0033889152109622957,"w":-0.9547328948974609},"size":2.3364996910095217,"orthographic":false}