{"cameraMode":{"drawMode":0,"name":"Shaded","section":"Shading Mode"},"sceneLighting":true,"audioPlay":false,"sceneViewState":{"m_AlwaysRefresh":false,"showFog":true,"showSkybox":true,"showFlares":true,"showImageEffects":true,"showParticleSystems":true,"showVisualEffectGraphs":true,"m_FxEnabled":true},"in2DMode":false,"pivot":{"x":2.468057632446289,"y":1.5830270051956177,"z":5.413837909698486},"rotation":{"x":-0.018178120255470277,"y":-0.11909853667020798,"z":0.0021809632889926435,"w":-0.9927095174789429},"size":5.107395172119141,"orthographic":false}